Potra2n18c32336.1	Potra2n18c32336.7	100.000	3042	0	0	1	3042	1	3042	0.0	5618
Potra2n18c32336.1	Potra2n18c32336.1	100.000	3042	0	0	1	3042	1	3042	0.0	5618
Potra2n18c32336.1	Potra2n18c32336.8	99.509	3057	0	1	1	3042	1	3057	0.0	5548
Potra2n18c32336.1	Potra2n18c32336.3	99.509	3057	0	1	1	3042	1	3057	0.0	5548
Potra2n18c32336.1	Potra2n18c32336.2	99.509	3057	0	1	1	3042	1	3057	0.0	5548
Potra2n18c32336.1	Potra2n6c13749.2	92.815	2714	171	11	1	2690	151	2864	0.0	3910
Potra2n18c32336.1	Potra2n6c13749.2	94.901	353	18	0	2690	3042	2903	3255	7.30e-156	553
Potra2n18c32336.1	Potra2n6c13749.1	92.486	1770	121	2	1	1758	151	1920	0.0	2521
Potra2n18c32336.1	Potra2n6c13749.1	93.361	949	50	6	1754	2690	1950	2897	0.0	1391
Potra2n18c32336.1	Potra2n6c13749.1	94.901	353	18	0	2690	3042	2936	3288	7.30e-156	553
Potra2n18c32336.1	Potra2n6c13749.3	95.007	741	34	1	1950	2690	21	758	0.0	1160
Potra2n18c32336.1	Potra2n6c13749.3	94.901	353	18	0	2690	3042	797	1149	7.30e-156	553
Potra2n18c32336.1	Potra2n18c32338.5	100.000	190	0	0	2690	2879	217	28	2.86e-95	351
Potra2n18c32336.1	Potra2n6c13086.1	72.204	626	146	21	2076	2681	2241	2858	1.11e-39	167
