sp|P61626|LYSC_HUMAN	P61628	100.000	148	0	0	1	148	1	148	5.48e-107	303
sp|P61626|LYSC_HUMAN	P61627	100.000	148	0	0	1	148	1	148	5.48e-107	303
sp|P61626|LYSC_HUMAN	P61626	100.000	148	0	0	1	148	1	148	5.48e-107	303
sp|P61626|LYSC_HUMAN	P79179	99.324	148	1	0	1	148	1	148	3.54e-106	301
sp|P61626|LYSC_HUMAN	P79239	97.973	148	3	0	1	148	1	148	1.63e-105	300
sp|P61626|LYSC_HUMAN	P79180	95.270	148	7	0	1	148	1	148	2.30e-103	295
sp|P61626|LYSC_HUMAN	P61634	89.865	148	15	0	1	148	1	148	5.83e-99	283
sp|P61626|LYSC_HUMAN	P61633	89.865	148	15	0	1	148	1	148	5.83e-99	283
sp|P61626|LYSC_HUMAN	P79811	87.838	148	18	0	1	148	1	148	1.53e-97	280
sp|P61626|LYSC_HUMAN	P30201	88.514	148	17	0	1	148	1	148	1.83e-97	280
sp|P61626|LYSC_HUMAN	P79806	88.514	148	17	0	1	148	1	148	2.33e-97	279
sp|P61626|LYSC_HUMAN	P61629	88.514	148	17	0	1	148	1	148	2.48e-97	279
sp|P61626|LYSC_HUMAN	P61630	88.514	148	17	0	1	148	1	148	2.48e-97	279
sp|P61626|LYSC_HUMAN	P79847	86.486	148	20	0	1	148	1	148	4.70e-97	278
sp|P61626|LYSC_HUMAN	P67978	86.486	148	20	0	1	148	1	148	1.05e-96	278
sp|P61626|LYSC_HUMAN	P67977	86.486	148	20	0	1	148	1	148	1.05e-96	278
sp|P61626|LYSC_HUMAN	P67979	86.486	148	20	0	1	148	1	148	1.19e-96	278
sp|P61626|LYSC_HUMAN	P67980	86.486	148	20	0	1	148	1	148	1.19e-96	278
sp|P61626|LYSC_HUMAN	P79687	88.514	148	17	0	1	148	1	148	1.87e-96	277
sp|P61626|LYSC_HUMAN	P61632	86.486	148	20	0	1	148	1	148	2.75e-96	276
sp|P61626|LYSC_HUMAN	P61631	86.486	148	20	0	1	148	1	148	2.75e-96	276
sp|P61626|LYSC_HUMAN	P79158	86.486	148	20	0	1	148	1	148	1.77e-87	254
sp|P61626|LYSC_HUMAN	P79294	87.162	148	19	0	1	148	1	148	1.44e-86	252
sp|P61626|LYSC_HUMAN	P79268	87.121	132	17	0	17	148	17	148	2.76e-85	249
sp|P61626|LYSC_HUMAN	P80189	81.081	148	28	0	1	148	1	148	1.40e-84	247
sp|P61626|LYSC_HUMAN	Q6B411	80.405	148	29	0	1	148	1	148	7.57e-83	243
sp|P61626|LYSC_HUMAN	P80190	83.846	130	21	0	19	148	1	130	8.19e-82	239
sp|P61626|LYSC_HUMAN	Q659U1	79.054	148	31	0	1	148	1	148	8.83e-81	238
sp|P61626|LYSC_HUMAN	Q659U5	79.054	148	31	0	1	148	1	148	8.83e-81	238
sp|P61626|LYSC_HUMAN	Q659U0	78.378	148	32	0	1	148	1	148	1.78e-80	237
sp|P61626|LYSC_HUMAN	P16973	80.769	130	25	0	19	148	1	130	2.09e-79	233
sp|P61626|LYSC_HUMAN	P17607	70.946	148	42	1	1	148	1	147	3.26e-79	233
sp|P61626|LYSC_HUMAN	Q06285	70.548	146	42	1	1	146	1	145	5.63e-79	233
sp|P61626|LYSC_HUMAN	Q06284	70.548	146	42	1	1	146	1	145	1.41e-78	232
sp|P61626|LYSC_HUMAN	Q9TUN1	70.548	146	42	1	1	146	1	145	2.32e-78	231
sp|P61626|LYSC_HUMAN	Q06283	69.178	146	44	1	1	146	1	145	6.35e-78	230
sp|P61626|LYSC_HUMAN	P81709	81.538	130	24	0	19	148	1	130	1.00e-77	229
sp|P61626|LYSC_HUMAN	P04421	68.493	146	45	1	1	146	1	145	6.79e-77	228
sp|P61626|LYSC_HUMAN	P17897	76.351	148	35	0	1	148	1	148	4.43e-76	226
sp|P61626|LYSC_HUMAN	P08905	76.351	148	35	0	1	148	1	148	1.88e-75	224
sp|P61626|LYSC_HUMAN	P12069	71.970	132	37	0	17	148	17	148	1.70e-73	219
sp|P61626|LYSC_HUMAN	P00697	70.946	148	43	0	1	148	1	148	6.54e-71	213
sp|P61626|LYSC_HUMAN	Q27996	71.622	148	41	1	1	148	1	147	1.26e-70	212
sp|P61626|LYSC_HUMAN	P37712	73.077	130	35	0	19	148	1	130	5.49e-70	209
sp|P61626|LYSC_HUMAN	P37714	71.094	128	36	1	19	146	1	127	2.44e-69	208
sp|P61626|LYSC_HUMAN	Q05820	68.919	148	46	0	1	148	1	148	3.65e-69	208
sp|P61626|LYSC_HUMAN	Q6B410	70.548	146	42	1	1	146	1	145	4.96e-69	207
sp|P61626|LYSC_HUMAN	P12067	71.538	130	35	1	19	148	1	128	6.47e-69	207
sp|P61626|LYSC_HUMAN	P12068	69.697	132	38	1	17	148	17	146	7.61e-69	207
sp|P61626|LYSC_HUMAN	P37713	69.531	128	38	1	19	146	1	127	5.49e-68	204
sp|P61626|LYSC_HUMAN	P12066	68.750	128	39	1	19	146	1	127	1.54e-66	201
sp|P61626|LYSC_HUMAN	P51782	59.459	148	59	1	1	148	1	147	1.74e-66	201
sp|P61626|LYSC_HUMAN	P11941	68.462	130	40	1	19	148	16	144	1.64e-59	184
sp|P61626|LYSC_HUMAN	P00705	59.589	146	58	1	1	146	1	145	2.11e-59	183
sp|P61626|LYSC_HUMAN	Q7LZQ1	64.341	129	46	0	18	146	1	129	2.90e-59	182
sp|P61626|LYSC_HUMAN	P85345	64.844	128	45	0	19	146	1	128	5.07e-59	182
sp|P61626|LYSC_HUMAN	Q9PU28	66.912	136	42	3	14	148	10	143	1.42e-58	181
sp|P61626|LYSC_HUMAN	Q9DD65	65.649	131	43	2	18	148	15	143	1.66e-58	181
sp|P61626|LYSC_HUMAN	P61944	66.412	131	42	2	18	148	15	143	2.51e-58	181
sp|P61626|LYSC_HUMAN	G3XDT7	58.108	148	61	1	1	148	1	147	2.70e-58	181
sp|P61626|LYSC_HUMAN	P00698	57.534	146	61	1	1	146	1	145	6.56e-58	179
sp|P61626|LYSC_HUMAN	P00702	56.164	146	63	1	1	146	1	145	3.70e-57	177
sp|P61626|LYSC_HUMAN	P00701	56.849	146	62	1	1	146	1	145	1.05e-56	176
sp|P61626|LYSC_HUMAN	P00703	56.164	146	63	1	1	146	1	145	1.06e-56	176
sp|P61626|LYSC_HUMAN	P84492	62.308	130	49	0	19	148	1	130	1.65e-56	176
sp|P61626|LYSC_HUMAN	Q7LZQ2	63.281	128	46	1	19	146	1	127	1.16e-55	173
sp|P61626|LYSC_HUMAN	P24533	62.500	128	47	1	19	146	1	127	9.90e-55	171
sp|P61626|LYSC_HUMAN	P24364	62.500	128	47	1	19	146	1	127	3.76e-54	169
sp|P61626|LYSC_HUMAN	P22910	61.719	128	48	1	19	146	1	127	8.55e-54	169
sp|P61626|LYSC_HUMAN	Q7LZP9	60.938	128	49	1	19	146	1	127	4.32e-53	167
sp|P61626|LYSC_HUMAN	Q7LZQ0	60.938	128	49	1	19	146	1	127	4.32e-53	167
sp|P61626|LYSC_HUMAN	P19849	60.938	128	49	1	19	146	1	127	5.94e-53	166
sp|P61626|LYSC_HUMAN	P85045	55.639	133	59	0	16	148	14	146	6.07e-53	167
sp|P61626|LYSC_HUMAN	P00706	60.938	128	49	1	19	146	1	127	6.48e-53	166
sp|P61626|LYSC_HUMAN	P49663	59.690	129	51	1	18	146	1	128	1.12e-52	166
sp|P61626|LYSC_HUMAN	P00700	60.156	128	50	1	19	146	1	127	1.83e-52	165
sp|P61626|LYSC_HUMAN	Q7LZI3	60.156	128	50	1	19	146	1	127	3.78e-52	164
sp|P61626|LYSC_HUMAN	Q7LZT2	60.156	128	50	1	19	146	1	127	4.80e-52	164
sp|P61626|LYSC_HUMAN	Q7LZQ3	58.594	128	52	1	19	146	1	127	6.46e-52	164
sp|P61626|LYSC_HUMAN	P00699	59.375	128	51	1	19	146	1	127	6.46e-52	164
sp|P61626|LYSC_HUMAN	P00707	58.594	128	52	1	19	146	1	127	1.23e-51	163
sp|P61626|LYSC_HUMAN	P81711	58.594	128	52	1	19	146	1	127	2.12e-50	160
sp|P61626|LYSC_HUMAN	Q91159	49.618	131	64	1	16	146	17	145	8.48e-50	159
sp|P61626|LYSC_HUMAN	P00704	57.031	128	54	1	19	146	1	127	1.77e-49	157
sp|P61626|LYSC_HUMAN	P81708	51.538	130	62	1	19	148	1	129	9.65e-49	155
sp|P61626|LYSC_HUMAN	P00708	55.469	128	56	1	19	146	1	127	7.65e-48	153
sp|P61626|LYSC_HUMAN	P11376	50.769	130	63	1	19	148	1	129	1.86e-46	150
sp|P61626|LYSC_HUMAN	Q9CPX3	42.953	149	82	3	1	148	1	147	3.66e-44	145
sp|P61626|LYSC_HUMAN	B6VH76	48.630	146	72	3	1	146	71	213	7.50e-43	144
sp|P61626|LYSC_HUMAN	Q8IXA5	48.630	146	72	3	1	146	71	213	1.12e-42	143
sp|P61626|LYSC_HUMAN	Q96QH8	42.384	151	82	3	1	148	1	149	1.85e-42	141
sp|P61626|LYSC_HUMAN	Q6UWQ5	45.638	149	78	3	1	148	1	147	2.20e-42	140
sp|P61626|LYSC_HUMAN	A0JNM6	45.638	149	78	3	1	148	1	147	2.53e-42	140
sp|P61626|LYSC_HUMAN	A6QQ77	50.000	130	63	2	17	146	34	161	4.24e-42	140
sp|P61626|LYSC_HUMAN	B6VH75	47.552	143	71	3	6	148	25	163	1.03e-41	139
sp|P61626|LYSC_HUMAN	Q32PD6	40.580	138	80	2	9	146	9	144	2.25e-41	138
sp|P61626|LYSC_HUMAN	A2AE20	40.690	145	84	2	4	148	7	149	2.34e-41	138
sp|P61626|LYSC_HUMAN	Q7Z4W2	45.638	149	78	3	1	148	1	147	2.40e-41	137
sp|P61626|LYSC_HUMAN	P37156	53.226	124	57	1	19	142	1	123	8.91e-41	135
sp|P61626|LYSC_HUMAN	P11375	52.308	130	61	1	19	148	1	129	8.92e-41	135
sp|P61626|LYSC_HUMAN	Q9D9X8	45.652	138	73	2	9	146	84	219	1.04e-38	133
sp|P61626|LYSC_HUMAN	Q9DA11	41.892	148	84	2	1	148	2	147	3.86e-38	129
sp|P61626|LYSC_HUMAN	P81646	48.739	119	56	3	19	134	1	117	1.22e-36	125
sp|P61626|LYSC_HUMAN	O75951	42.069	145	82	2	2	146	3	145	1.39e-35	123
sp|P61626|LYSC_HUMAN	Q29RT1	41.379	145	82	3	4	148	6	147	6.21e-33	116
sp|P61626|LYSC_HUMAN	P30805	46.457	127	62	3	19	142	1	124	3.14e-32	114
sp|P61626|LYSC_HUMAN	Q2T9N7	38.514	148	84	3	1	146	1	143	8.04e-30	108
sp|P61626|LYSC_HUMAN	P48816	41.481	135	72	4	1	135	1	128	1.17e-29	107
sp|P61626|LYSC_HUMAN	D4ABW7	38.806	134	76	2	14	146	15	143	2.63e-29	107
sp|P61626|LYSC_HUMAN	Q96KX0	38.514	148	85	3	1	146	1	144	3.08e-29	107
sp|P61626|LYSC_HUMAN	Q9N2G9	38.406	138	79	4	1	137	1	133	6.42e-29	106
sp|P61626|LYSC_HUMAN	Q9D925	38.060	134	77	2	14	146	15	143	2.57e-28	104
sp|P61626|LYSC_HUMAN	Q17005	39.416	137	75	4	3	139	5	133	3.10e-28	104
sp|P61626|LYSC_HUMAN	C0HLB7	42.969	128	69	2	4	131	6	129	6.77e-28	103
sp|P61626|LYSC_HUMAN	P29615	40.909	132	73	3	1	131	1	128	8.64e-28	103
sp|P61626|LYSC_HUMAN	P08334	40.336	119	66	3	19	137	1	114	1.63e-27	102
sp|P61626|LYSC_HUMAN	P28546	40.336	119	66	3	19	137	1	114	1.69e-27	102
sp|P61626|LYSC_HUMAN	P00711	37.681	138	80	4	1	137	1	133	2.12e-27	102
sp|P61626|LYSC_HUMAN	P00709	37.681	138	80	4	1	137	1	133	3.37e-27	101
sp|P61626|LYSC_HUMAN	P05105	38.519	135	77	3	2	136	3	131	4.35e-27	101
sp|P61626|LYSC_HUMAN	P00716	38.889	144	81	5	1	143	1	138	4.85e-27	101
sp|P61626|LYSC_HUMAN	Q9TSN6	37.681	138	80	4	1	137	1	133	5.09e-27	101
sp|P61626|LYSC_HUMAN	P00714	37.681	138	80	4	1	137	1	133	7.47e-27	101
sp|P61626|LYSC_HUMAN	Q9TSR4	36.957	138	81	4	1	137	1	133	8.03e-27	100
sp|P61626|LYSC_HUMAN	P00712	37.681	138	80	4	1	137	1	133	8.86e-27	100
sp|P61626|LYSC_HUMAN	Q7YT16	43.860	114	60	2	18	131	19	128	1.00e-26	100
sp|P61626|LYSC_HUMAN	P09462	36.957	138	81	4	1	137	1	133	3.29e-26	99.4
sp|P61626|LYSC_HUMAN	C1IIX1	42.754	138	64	6	17	146	17	147	6.47e-26	99.0
sp|P61626|LYSC_HUMAN	D9J143	40.157	127	72	2	4	130	6	128	1.05e-25	97.8
sp|P61626|LYSC_HUMAN	P37159	41.221	131	73	2	1	131	1	127	1.57e-25	97.4
sp|P61626|LYSC_HUMAN	P08896	38.655	119	68	3	19	137	1	114	1.67e-25	97.1
sp|P61626|LYSC_HUMAN	P83972	41.221	131	73	2	1	131	1	127	9.45e-25	95.5
sp|P61626|LYSC_HUMAN	D9J142	40.152	132	74	3	1	131	1	128	1.37e-24	95.1
sp|P61626|LYSC_HUMAN	B6VH79	55.952	84	35	2	17	100	85	166	2.29e-24	95.1
sp|P61626|LYSC_HUMAN	P50718	36.842	133	77	4	4	135	6	132	3.16e-24	94.0
sp|P61626|LYSC_HUMAN	B6VH77	55.952	84	35	2	17	100	86	167	3.25e-24	94.7
sp|P61626|LYSC_HUMAN	P00710	38.655	119	68	3	19	137	1	114	6.06e-24	92.8
sp|P61626|LYSC_HUMAN	P50717	33.824	136	83	4	3	137	5	134	1.14e-23	92.8
sp|P61626|LYSC_HUMAN	P37161	39.394	132	75	3	1	131	1	128	1.31e-23	92.4
sp|P61626|LYSC_HUMAN	Q08694	41.985	131	72	2	1	131	1	127	4.31e-23	91.3
sp|P61626|LYSC_HUMAN	P82174	41.322	121	65	3	19	139	1	115	4.50e-23	90.5
sp|P61626|LYSC_HUMAN	P12065	36.975	119	70	3	19	137	1	114	9.51e-23	89.7
sp|P61626|LYSC_HUMAN	P18137	37.778	135	76	5	3	137	6	132	1.80e-22	89.7
sp|P61626|LYSC_HUMAN	P29752	37.410	139	80	5	1	137	1	134	1.83e-21	87.0
sp|P61626|LYSC_HUMAN	P37160	43.478	115	58	4	18	131	19	127	6.90e-21	85.5
sp|P61626|LYSC_HUMAN	Q7SID7	39.496	119	64	5	19	136	1	112	5.98e-20	82.4
sp|P61626|LYSC_HUMAN	P00713	34.247	146	90	4	1	145	1	141	6.76e-19	80.5
sp|P61626|LYSC_HUMAN	Q06655	32.773	119	76	2	16	134	17	131	1.37e-16	74.3
sp|P61626|LYSC_HUMAN	P07458	33.333	114	72	2	21	134	3	112	1.68e-16	73.6
sp|P61626|LYSC_HUMAN	Q29145	32.836	134	84	3	3	136	6	133	3.98e-13	65.5
sp|P61626|LYSC_HUMAN	P21776	51.111	45	22	0	22	66	4	48	7.75e-10	54.7
sp|P61626|LYSC_HUMAN	P81710	72.727	33	9	0	19	51	1	33	1.54e-09	53.5
